{
    "umbral_optimo": 0.8000000000000003,
    "precision": 0.8539325842696629,
    "recall": 0.8336380255941499,
    "f1_score": 0.8436632747456059,
    "accuracy": 0.8417602996254682,
    "total_ejemplos": 1068,
    "coherentes": 547,
    "no_coherentes": 521
}